Collection,Variant,Item Number,Price,Currency,Availability,Image URL,Product ID,Variant ID,Hidden,Source,Last Seen
Bugatti Calandre,Bugatti Calandre,BU900.82.AA.AA.AAAAA,264000.0,USD,PRICE AVAILABLE,https://www.datocms-assets.com/99008/1747160177-table-clock-front-hd-vf-copy-1.webp,V7lG4NNHQu2MjAMiMF5qaw,ZWhOo3TMRJyRtFTO_dUIng,NO,https://jacobandco.com/timepiece-prices,2026-08-13 09:28:51
Bugatti Chiron Tourbillon,Black Titanium,BU200.21.AH.AB.B,341000.0,USD,PRICE AVAILABLE,https://www.datocms-assets.com/99008/1711636553-bu200-21-ae-ab-a.webp,117147623,117147635,NO,https://jacobandco.com/timepiece-prices,2026-08-13 09:28:51
Bugatti Chiron Tourbillon,Black Titanium II,BU200.21.AE.AB.B,341000.0,USD,PRICE AVAILABLE,https://www.datocms-assets.com/99008/1777998971-bu200-21-ae-ab-bbrua.webp,117147623,ebI0i32YSxiX1oiiG7HJPQ,NO,https://jacobandco.com/timepiece-prices,2026-08-13 09:28:51
Bugatti Chiron Tourbillon,Blue Carbon Fiber,BU230.24.AA.UA.A,385000.0,USD,PRICE AVAILABLE,https://www.datocms-assets.com/99008/1778615442-bu230-24-aa-ua-abrua.webp,117147623,ZcS69veqQ_6evugBY1l9fA,NO,https://jacobandco.com/timepiece-prices,2026-08-13 09:28:51
Bugatti Chiron Tourbillon,Blue Titanium,BU200.20.AK.AB.B,341000.0,USD,PRICE AVAILABLE,https://www.datocms-assets.com/99008/1711636484-bu200-20-ak-ab-b.webp,117147623,117147644,NO,https://jacobandco.com/timepiece-prices,2026-08-13 09:28:51
Bugatti Chiron Tourbillon,Polished Titanium,BU200.20.AQ.AA.A,341000.0,USD,PRICE AVAILABLE,https://www.datocms-assets.com/99008/1711636782-chiron_black_chrome-1.webp,117147623,YTDOw-1kQSGhZSaxm2pHVA,NO,https://jacobandco.com/timepiece-prices,2026-08-13 09:28:51
Bugatti Chiron Tourbillon,Rose Gold,BU200.40.AA.AA.C,445500.0,USD,PRICE AVAILABLE,https://www.datocms-assets.com/99008/1711636462-bu200-40-aa-aa-bbrua.webp,117147623,117147634,NO,https://jacobandco.com/timepiece-prices,2026-08-13 09:28:51
Bugatti Chiron Tourbillon,Rose Gold & White Ceramic,BU240.95.AA.AA.A,440000.0,USD,PRICE AVAILABLE,https://www.datocms-assets.com/99008/1781275461-chiron-ceramic-white-and-blue-rg-t.webp,117147623,UgTs0MHqRfKHthhphSxA1Q,NO,https://jacobandco.com/timepiece-prices,2026-08-13 09:28:51
Bugatti Chiron Tourbillon,Titanium,BU200.20.AE.AB.B,341000.0,USD,PRICE AVAILABLE,https://www.datocms-assets.com/99008/1711636534-bu200-20-ae-ab-a.webp,117147623,163173915,NO,https://jacobandco.com/timepiece-prices,2026-08-13 09:28:51
Bugatti Chiron Tourbillon,Titanium & White Ceramic,BU240.95.AB.AA.A,418000.0,USD,PRICE AVAILABLE,https://www.datocms-assets.com/99008/1721402074-bu800-40-ad-ub-abrua-2.webp,117147623,208478863,NO,https://jacobandco.com/timepiece-prices,2026-08-13 09:28:51
Bugatti Chiron Tourbillon,White Gold,BU200.30.AA.AA.B,451000.0,USD,PRICE AVAILABLE,https://www.datocms-assets.com/99008/1696967085-bu200-30-aa-aa-b.webp,117147623,a38I0UTiQkeD3I5NMPL_5w,NO,https://jacobandco.com/timepiece-prices,2026-08-13 09:28:51
Bugatti Chiron Tourbillon Baguette,Rainbow,BU800.30.AD.UC.A,1100000.0,USD,PRICE AVAILABLE,https://www.datocms-assets.com/99008/1778176564-bu800-30-ad-uc-abrua.webp,202814056,aIE8tsmlS-2ij9mg9Oly1w,NO,https://jacobandco.com/timepiece-prices,2026-08-13 09:28:51
Bugatti Chiron Tourbillon Baguette,Rose Gold,BU800.40.BD.BD.C,1012000.0,USD,PRICE AVAILABLE,https://www.datocms-assets.com/99008/1747677084-jacob-co-16-cylinder-tourb_bu800-40-bd-bd-cbrua_cobra.webp,202814056,203399776,NO,https://jacobandco.com/timepiece-prices,2026-08-13 09:28:51
Bugatti Chiron Tourbillon Baguette,White Gold,BU800.30.BD.BD.B,940000.0,USD,PRICE AVAILABLE,https://www.datocms-assets.com/99008/1697036874-bu800-30-bd-bd-a.webp,202814056,204181854,NO,https://jacobandco.com/timepiece-prices,2026-08-13 09:28:51
Bugatti Chiron Tourbillon Baguette,White Gold (Diamonds & Blue Sapphires),BU800.30.AM.UA.A,1100000.0,USD,PRICE AVAILABLE,https://www.datocms-assets.com/99008/1770326929-chiron_baguette_blue-sapphire-t.webp,202814056,IX44y3krSFK0-aMJxqsjZA,NO,https://jacobandco.com/timepiece-prices,2026-08-13 09:28:51
Bugatti Chiron Tourbillon Baguette,White Gold (Diamonds & Rubies),BU800.30.AJ.UA.A,1180000.0,USD,PRICE AVAILABLE,https://www.datocms-assets.com/99008/1770326929-chiron_baguette_ruby-t.webp,202814056,TBTP4k-MQJOu_xmYvrDc3A,NO,https://jacobandco.com/timepiece-prices,2026-08-13 09:28:51
Bugatti Chiron Tourbillon Pavé,Rose Gold,BU200.40.RD.AA.A,594000.0,USD,PRICE AVAILABLE,https://www.datocms-assets.com/99008/1703868644-bu200-40-rd-aa-a-abrua.webp,KZp5kZZvQxqP0mkoRzkexQ,HGIyHqBUTC-T461sqezj1Q,NO,https://jacobandco.com/timepiece-prices,2026-08-13 09:28:51
Bugatti Chiron Tourbillon Pavé,White Gold,BU200.30.RD.AA.A,620000.0,USD,PRICE AVAILABLE,https://www.datocms-assets.com/99008/1777385679-bu200-30-rd-aa-abrua.webp,KZp5kZZvQxqP0mkoRzkexQ,X7B5oXV4RZ6eR-QVoIugaw,NO,https://jacobandco.com/timepiece-prices,2026-08-13 09:28:51
Bugatti Chiron Tourbillon Sapphire Crystal,Blue Sapphire Crystal,BU210.80.AH.UA.B,1650000.0,USD,PRICE AVAILABLE,https://www.datocms-assets.com/99008/1697038906-bu210-80-ah-ua-bbrua.webp,205178685,208086796,NO,https://jacobandco.com/timepiece-prices,2026-08-13 09:28:51
Bugatti Chiron Tourbillon Sapphire Crystal,Blue Sapphire Crystal with Rose Gold Backplate,BU210.80.AM.UB.B,1650000.0,USD,PRICE AVAILABLE,https://www.datocms-assets.com/99008/1747425423-bu210-80-ad-ua-bbru.webp,205178685,S4VKBHLRSdWM9WE4OWnNrA,NO,https://jacobandco.com/timepiece-prices,2026-08-13 09:28:51
Bugatti Chiron Tourbillon Sapphire Crystal,Clear,BU210.80.AA.AA.B,1430000.0,USD,PRICE AVAILABLE,https://www.datocms-assets.com/99008/1711638416-bu210-80-aa-aa-bbrua.webp,205178685,204497338,NO,https://jacobandco.com/timepiece-prices,2026-08-13 09:28:51
Bugatti Chiron Tourbillon Sapphire Crystal,Green Sapphire Crystal,BU210.80.AL.UA.B,1650000.0,USD,PRICE AVAILABLE,https://www.datocms-assets.com/99008/1721661248-bugatti-chiron-sapphire-green-crystal.webp,205178685,RStQU3snSR-5mKYCawrQhw,NO,https://jacobandco.com/timepiece-prices,2026-08-13 09:28:51
Bugatti Chiron Tourbillon Sapphire Crystal,Red Accents,BU210.80.AC.AB.B,1430000.0,USD,PRICE AVAILABLE,https://www.datocms-assets.com/99008/1697038889-bu210-80-ac-ab-bbrua.webp,205178685,dm3WtriiSL6Qv2SIP7Q0tA,NO,https://jacobandco.com/timepiece-prices,2026-08-13 09:28:51
Bugatti Chiron Tourbillon Sapphire Crystal,Yellow Matte,BU210.80.AF.UA.B,1650000.0,USD,PRICE AVAILABLE,https://www.datocms-assets.com/99008/1697038901-bu210-80-af-ua-bbrua.webp,205178685,208082706,NO,https://jacobandco.com/timepiece-prices,2026-08-13 09:28:51
Bugatti Tourbillon,Black Titanium,BU300.21.AA.AA.B,374000.0,USD,PRICE AVAILABLE,https://www.datocms-assets.com/99008/1760038074-bu300-21-aa-aa-b.webp,TPTX1x5kSA2134fJS6mUzw,dA6dkA5bS5qOERCPZteLnA,NO,https://jacobandco.com/timepiece-prices,2026-08-13 09:28:51
Bugatti Tourbillon,Blue PVD Titanium,BU300.22.AA.AA.B,374000.0,USD,PRICE AVAILABLE,https://www.datocms-assets.com/99008/1760972727-bu300-22-aa-aa-b.webp,TPTX1x5kSA2134fJS6mUzw,DZS7EhEPTp-LbcEHdIPsEw,NO,https://jacobandco.com/timepiece-prices,2026-08-13 09:28:51
Bugatti Tourbillon,Polished Titanium,BU300.20.AA.AA.A,374000.0,USD,PRICE AVAILABLE,https://www.datocms-assets.com/99008/1760037162-bu300-20-aa-aa-a.webp,TPTX1x5kSA2134fJS6mUzw,YJaiT_6zRq-0ez2I3rtO9g,NO,https://jacobandco.com/timepiece-prices,2026-08-13 09:28:51
Bugatti Tourbillon,Rose Gold,BU300.40.AA.AA.A,429000.0,USD,PRICE AVAILABLE,https://www.datocms-assets.com/99008/1760113158-bu300-40-aa-aa-a.webp,TPTX1x5kSA2134fJS6mUzw,MsHaMJ_wR_uGoUtY-M3JMA,NO,https://jacobandco.com/timepiece-prices,2026-08-13 09:28:51
Bugatti Tourbillon Baguette,Rose Gold,BU820.40.BD.AA.A,1056000.0,USD,PRICE AVAILABLE,https://www.datocms-assets.com/99008/1777998972-bu820-40-bd-aa-abrua.webp,LUwxTpL3Q_azwRI0OLiV6Q,avsiG1E1QEWuv584H3dNMQ,NO,https://jacobandco.com/timepiece-prices,2026-08-13 09:28:51
Bugatti Tourbillon Baguette,White Gold,BU820.30.BD.AA.A,1056000.0,USD,PRICE AVAILABLE,https://www.datocms-assets.com/99008/1755786764-bu820-30-bd-ua-abrua.webp,LUwxTpL3Q_azwRI0OLiV6Q,Ujdum3QVRCW4Lj0JC_5NoA,NO,https://jacobandco.com/timepiece-prices,2026-08-13 09:28:51
Bugatti Tourbillon Sapphire Crystal,Clear,BU310.80.AC.AA.A,1240000.0,USD,PRICE AVAILABLE,https://www.datocms-assets.com/99008/1785769539-white-rg-2.webp,fbW7Yrf4TGm2XpRgGCL00w,GV814YkMROqXfxPdkTg03w,NO,https://jacobandco.com/timepiece-prices,2026-08-13 09:28:51
Bugatti Tourbillon Sapphire Crystal,Clear / Blue,BU310.80.AB.AA.A,1200000.0,USD,PRICE AVAILABLE,https://www.datocms-assets.com/99008/1776046154-br1-blue-sapphire-hero-9x16-copy.webp,fbW7Yrf4TGm2XpRgGCL00w,X3EGbbeBRPuTKOmoTlapyQ,NO,https://jacobandco.com/timepiece-prices,2026-08-13 09:28:51
Bugatti Tourbillon Sapphire Crystal,Clear / Green,BU310.80.AA.AA.A,1240000.0,USD,PRICE AVAILABLE,https://www.datocms-assets.com/99008/1785769540-br1-sapphir-rose-gold-green-front-vf-part-ti.webp,fbW7Yrf4TGm2XpRgGCL00w,DCPT7xm6RwuVR-een3mQPA,NO,https://jacobandco.com/timepiece-prices,2026-08-13 09:28:51
Epic X Baguette,Green,EX100.43.BA.AB.A,170000.0,USD,PRICE AVAILABLE,https://www.datocms-assets.com/99008/1757949547-epic-x-bg-color-green.webp,M9pIaQbUQMSSqriIhVdEeA,C5705mFaQSqUai9b13TQ7w,NO,https://jacobandco.com/timepiece-prices,2026-08-13 09:28:51
Epic X Baguette,Orange Sapphires,EX100.43.BE.AA.A,210000.0,USD,PRICE AVAILABLE,https://www.datocms-assets.com/99008/1777385679-epic-x-bg-color-new-bg-bezel-inner-ring-orange.webp,M9pIaQbUQMSSqriIhVdEeA,GDxP3_x1Txqr5HAKSjNryQ,NO,https://jacobandco.com/timepiece-prices,2026-08-13 09:28:51
Epic X Baguette,Rainbow,EX100.43.BD.BF.A,198000.0,USD,PRICE AVAILABLE,https://www.datocms-assets.com/99008/1757949709-epic_x_bg-rainbow-inner-ring.webp,M9pIaQbUQMSSqriIhVdEeA,CH6elm3URwaabiMyTj7vCg,NO,https://jacobandco.com/timepiece-prices,2026-08-13 09:28:51
Epic X Baguette,Red,EX100.43.BD.AA.A,170000.0,USD,PRICE AVAILABLE,https://www.datocms-assets.com/99008/1757949364-epic-x-bg-color-new-bg-bezel-inner-ring-red.webp,M9pIaQbUQMSSqriIhVdEeA,GjoQcR2uRvqCHMHHsd41kQ,NO,https://jacobandco.com/timepiece-prices,2026-08-13 09:28:51
Epic X Baguette,Sky Blue,EX100.43.BD.AB.A,170000.0,USD,PRICE AVAILABLE,https://www.datocms-assets.com/99008/1757949046-epic-x-bg-color-new-bg-bezel-inner-ring-blue.webp,M9pIaQbUQMSSqriIhVdEeA,JzCcwYCYS5iNY0A-7cJzIA,NO,https://jacobandco.com/timepiece-prices,2026-08-13 09:28:51
Epic X Baguette,Tsavorites,EX100.43.BC.AA.A,210000.0,USD,PRICE AVAILABLE,https://www.datocms-assets.com/99008/1777385677-epic-x-bg-color-new-bg-bezel-inner-ring-green.webp,M9pIaQbUQMSSqriIhVdEeA,KMTlwjQpQw-HNB0wM_m3ag,NO,https://jacobandco.com/timepiece-prices,2026-08-13 09:28:51
Epic X Baguette,White Diamonds,EX100.43.BA.BD.A,198000.0,USD,PRICE AVAILABLE,https://www.datocms-assets.com/99008/1757949778-epic_x_bg-white-diamond-inner-ring.webp,M9pIaQbUQMSSqriIhVdEeA,FWNdl3DSQmOnjFy9HXTXoA,NO,https://jacobandco.com/timepiece-prices,2026-08-13 09:28:51
Epic X Baguette,Yellow,EX100.43.BA.AA.A,170000.0,USD,PRICE AVAILABLE,https://www.datocms-assets.com/99008/1757949446-epic-x-bg-color-yellow.webp,M9pIaQbUQMSSqriIhVdEeA,M5rIskNySmuOc834_ibDOA,NO,https://jacobandco.com/timepiece-prices,2026-08-13 09:28:51
Epic X Baguette,Yellow Sapphires,EX100.43.BF.AA.A,210000.0,USD,PRICE AVAILABLE,https://www.datocms-assets.com/99008/1777385679-epic-x-bg-color-new-bg-bezel-inner-ring-yellow.webp,M9pIaQbUQMSSqriIhVdEeA,Zcb38E6HSz-9PEONC_ekZg,NO,https://jacobandco.com/timepiece-prices,2026-08-13 09:28:51
Epic X Bridges,Black Steel (Black),EX120.11.AB.AB.B,28600.0,USD,PRICE AVAILABLE,https://www.datocms-assets.com/99008/1698867949-ex120-11-ab-ab-abrua.webp,209484004,QDTk1qmrSh6_LYNoEyLRnA,NO,https://jacobandco.com/timepiece-prices,2026-08-13 09:28:51
Epic X Bridges,Black Steel (Orange),EX120.11.AI.AB.B,28600.0,USD,PRICE AVAILABLE,https://www.datocms-assets.com/99008/1698867720-ex120-11-ai-aa-abrua.webp,209484004,IzruI9PKQjipeHRIfKJv0g,NO,https://jacobandco.com/timepiece-prices,2026-08-13 09:28:51
Epic X Bridges,Black Steel (White),EX120.11.AJ.AB.A,28600.0,USD,PRICE AVAILABLE,https://www.datocms-assets.com/99008/1698869111-ex120-11-aj-aa-abrua.webp,209484004,RK1wsuN0R8OtL4V9HdOmlA,NO,https://jacobandco.com/timepiece-prices,2026-08-13 09:28:51
Epic X Bridges,Black Steel (Yellow),EX120.11.AH.AB.A,28600.0,USD,PRICE AVAILABLE,https://www.datocms-assets.com/99008/1698869310-ex120-11-ah-aa-abrua.webp,209484004,D7jPvTj0QLeFpsd-11kfrg,NO,https://jacobandco.com/timepiece-prices,2026-08-13 09:28:51
Epic X Bridges,Epic X Bridges V2 - Rose Gold And Stainless Steel - Light Blue Inner Ring,EX120.43.AF.AA.A,90000.0,USD,PRICE AVAILABLE,https://www.datocms-assets.com/99008/1703874289-ex120-43-af-aa-abrua.webp,209484004,cj3dta7yTbOC_2KkuStZ_g,NO,https://jacobandco.com/timepiece-prices,2026-08-13 09:28:51
Epic X Bridges,Rose Gold,EX120.43.AB.AB.A40AA,230000.0,USD,PRICE AVAILABLE,https://www.datocms-assets.com/99008/1698869979-ex120-43-ab-ab-a40aa.webp,209484004,aaqf1rxtTqGgRAwk-PQFwA,NO,https://jacobandco.com/timepiece-prices,2026-08-13 09:28:51
Epic X Bridges,Rose Gold (Black),EX120.43.AB.AB.ABRUA,90000.0,USD,PRICE AVAILABLE,https://www.datocms-assets.com/99008/1697661568-ex120-43-ab-ab-abrua.png,209484004,tqinfuWWS6KAnJ9WKDBO3g,NO,https://jacobandco.com/timepiece-prices,2026-08-13 09:28:51
Epic X Bridges,Rose Gold (Green),EX120.43.AC.AC.A,90000.0,USD,PRICE AVAILABLE,https://www.datocms-assets.com/99008/1697661614-ex120-43-ac-ac-abrua.png,209484004,Sf1W3YFgRQiAIDeiVOgIMw,NO,https://jacobandco.com/timepiece-prices,2026-08-13 09:28:51
Epic X Bridges,Rose Gold Bracelet (Blue),EX120.43.AF.AA.A40AA,230000.0,USD,PRICE AVAILABLE,https://www.datocms-assets.com/99008/1778622361-ex-rg.webp,209484004,ejNp7F9WQqGoICGaBV2hhg,NO,https://jacobandco.com/timepiece-prices,2026-08-13 09:28:51
Epic X Bridges,Rose Gold Bracelet (Green),EX120.43.AC.AC.A40AA,230000.0,USD,PRICE AVAILABLE,https://www.datocms-assets.com/99008/1697661995-ex120-43-ac-ac-a40aa.png,209484004,fiOHRqyfQcWMBg6qCoR0Iw,NO,https://jacobandco.com/timepiece-prices,2026-08-13 09:28:51
Epic X Bridges,Stainless Steel (Blue),EX120.10.AB.AB.B,28600.0,USD,PRICE AVAILABLE,https://www.datocms-assets.com/99008/1697661662-ex120-10-ab-ab-abrua.png,209484004,2MotbBZsRjipyFfMD6q0Dg,NO,https://jacobandco.com/timepiece-prices,2026-08-13 09:28:51
Epic X Bridges,Stainless Steel (Light Blue),EX120.10.AC.AB.B,28600.0,USD,PRICE AVAILABLE,https://www.datocms-assets.com/99008/1697474635-ex120-10-ac-ab-abrua.webp,209484004,209484003,NO,https://jacobandco.com/timepiece-prices,2026-08-13 09:28:51
Epic X Bridges,Stainless Steel (Light Blue) Bracelet,EX120.10.AC.AB.A10AA,31900.0,USD,PRICE AVAILABLE,https://www.datocms-assets.com/99008/1778176565-ex120-10-ac-ab-a10aa.webp,209484004,UaNbvjloSyalFhnZvde9aw,NO,https://jacobandco.com/timepiece-prices,2026-08-13 09:28:51
Epic X Bridges,"Stainless Steel (Light Blue, Gray Movement)",EX120.10.AC.AA.B,28600.0,USD,PRICE AVAILABLE,https://www.datocms-assets.com/99008/1697661711-ex120-10-ac-aa-abrua.png,209484004,OsQP6x-sQsyGOQOWkczETQ,NO,https://jacobandco.com/timepiece-prices,2026-08-13 09:28:51
Epic X Bridges,"Stainless Steel (Light Blue, Gray Movement) Bracelet",EX120.10.AC.AA.A10AA,31900.0,USD,PRICE AVAILABLE,https://www.datocms-assets.com/99008/1778176566-ex120-10-ac-aa-a10aa.webp,209484004,WZpwLCQQR7uN8nXH0Wuxeg,NO,https://jacobandco.com/timepiece-prices,2026-08-13 09:28:51
Epic X Bridges,Stainless Steel Bracelet (Blue),EX120.10.AB.AB.B10AA,31900.0,USD,PRICE AVAILABLE,https://www.datocms-assets.com/99008/1697662052-ex120-10-ab-ab-a10aa.png,209484004,qh84lHOBRNWWSiYBE27PKg,NO,https://jacobandco.com/timepiece-prices,2026-08-13 09:28:51
Epic X Bridges,White,EX120.10.AE.AA.ABRUA,28600.0,USD,PRICE AVAILABLE,https://www.datocms-assets.com/99008/1697662131-ex120-10-ae-aa-abrua.png,209484004,_m3ZKpZgRiKvYUCeht6jOg,NO,https://jacobandco.com/timepiece-prices,2026-08-13 09:28:51
Epic X Ceramic,Black,EX115.95.AF.AA.A,46300.0,USD,PRICE AVAILABLE,https://www.datocms-assets.com/99008/1734030372-ex115-95-af-aa-abrua.webp,S7AyF35ZQLutgUkqk9EabA,UGVewESrSDurYVla6lt2jA,NO,https://jacobandco.com/timepiece-prices,2026-08-13 09:28:51
Epic X Ceramic,Blue,EX115.95.AI.AA.A,46300.0,USD,PRICE AVAILABLE,https://www.datocms-assets.com/99008/1763051828-epic-x-mix-creamic_white_crown_02-1.webp,S7AyF35ZQLutgUkqk9EabA,NKuP_M1KQsm5IO03Le1zfA,NO,https://jacobandco.com/timepiece-prices,2026-08-13 09:28:51
Epic X Ceramic,Blue (Bracelet),EX115.95.AI.AA.A95AA,49600.0,USD,PRICE AVAILABLE,https://www.datocms-assets.com/99008/1763052650-1734030056-ex115-95-ad-aa-a-copy-2.webp,S7AyF35ZQLutgUkqk9EabA,Zt76YW4NS9y1WGLB2ccpwA,NO,https://jacobandco.com/timepiece-prices,2026-08-13 09:28:51
Epic X Ceramic,Electric Blue,EX115.95.AM.AA.A,46300.0,USD,PRICE AVAILABLE,https://www.datocms-assets.com/99008/1784663772-2-11.webp,S7AyF35ZQLutgUkqk9EabA,Scv3t3gUSeWksmIK1ahsrA,NO,https://jacobandco.com/timepiece-prices,2026-08-13 09:28:51
Epic X Ceramic,Green,EX115.95.AL.AA.A,46300.0,USD,PRICE AVAILABLE,https://www.datocms-assets.com/99008/1784663746-1-15.webp,S7AyF35ZQLutgUkqk9EabA,X4VTIsIASyOhICpwevCuhw,NO,https://jacobandco.com/timepiece-prices,2026-08-13 09:28:51
Epic X Ceramic,Saudi,EX115.95.AK.AA.A,50000.0,USD,PRICE AVAILABLE,https://www.datocms-assets.com/99008/1778176565-ex115-95-ak-aa-abrua.webp,S7AyF35ZQLutgUkqk9EabA,OGxN7rgxRQ-7yDzlI89tEQ,NO,https://jacobandco.com/timepiece-prices,2026-08-13 09:28:51
Epic X Chrono Bugatti,Black DLC Titanium and Forged Carbon,EC333.29.AA.AA.A,46200.0,USD,PRICE AVAILABLE,https://www.datocms-assets.com/99008/1697486745-ec333-29-aa-aa-a.webp,204498442,204498369,NO,https://jacobandco.com/timepiece-prices,2026-08-13 09:28:51
Epic X Skeleton,Black,EX113.20.AC.AA.ABRUA,26400.0,USD,PRICE AVAILABLE,https://www.datocms-assets.com/99008/1784646003-epix-x_v1-crown-update-black.webp,209477004,209477002,NO,https://jacobandco.com/timepiece-prices,2026-08-13 09:28:51
Epic X Skeleton,Black II,EX110.20.AA.AF.A,26400.0,USD,PRICE AVAILABLE,https://www.datocms-assets.com/99008/1784651275-epic_x_black.webp,209477004,N0FWl4bYStuSJqjk_tfnaQ,NO,https://jacobandco.com/timepiece-prices,2026-08-13 09:28:51
Epic X Skeleton,Black Titanium,EX110.21.AA.AE.A,26400.0,USD,PRICE AVAILABLE,https://www.datocms-assets.com/99008/1774275224-epic_x_v1-black.webp,209477004,UIDvnCvITwe7SVuA0NII3g,NO,https://jacobandco.com/timepiece-prices,2026-08-13 09:28:51
Epic X Skeleton,Black Titanium,EX113.21.AA.AA.A,26400.0,USD,PRICE AVAILABLE,https://www.datocms-assets.com/99008/1784646003-epix-x_v1-crown-update-black-black.webp,209477004,211871428,NO,https://jacobandco.com/timepiece-prices,2026-08-13 09:28:51
Epic X Skeleton,Green,EX113.20.AA.AA.A,26400.0,USD,PRICE AVAILABLE,https://www.datocms-assets.com/99008/1784646003-epix-x_v1-crown-update-green.webp,209477004,211871685,NO,https://jacobandco.com/timepiece-prices,2026-08-13 09:28:51
Epic X Skeleton,Mint,EX113.20.AB.AA.A,26400.0,USD,PRICE AVAILABLE,https://www.datocms-assets.com/99008/1784646003-epix-x_v1-crown-update-mint.webp,209477004,e4RUv5sgSmm3DJBx3iH4LQ,NO,https://jacobandco.com/timepiece-prices,2026-08-13 09:28:51
Epic X Skeleton,Orange,EX113.20.AD.AA.A,26400.0,USD,PRICE AVAILABLE,https://www.datocms-assets.com/99008/1784646003-epix-x_v1-crown-update-orange.webp,209477004,xDnE-p3VQj-Yb7GK_DjzSQ,NO,https://jacobandco.com/timepiece-prices,2026-08-13 09:28:51
Epic X Skeleton,Red,EX113.20.AG.AA.A,26400.0,USD,PRICE AVAILABLE,https://www.datocms-assets.com/99008/1784646003-epix-x_v1-crown-update-red.webp,209477004,211871719,NO,https://jacobandco.com/timepiece-prices,2026-08-13 09:28:51
Epic X Skeleton,Rose Gold,EX113.43.AB.AA.A,78000.0,USD,PRICE AVAILABLE,https://www.datocms-assets.com/99008/1770152673-epic-x-v1-rg-black-updated2.webp,209477004,211871668,NO,https://jacobandco.com/timepiece-prices,2026-08-13 09:28:51
Epic X Skeleton,Sky Blue,EX113.20.AF.AA.A,26400.0,USD,PRICE AVAILABLE,https://www.datocms-assets.com/99008/1784646003-epix-x_v1-crown-update-light-blue.webp,209477004,211871734,NO,https://jacobandco.com/timepiece-prices,2026-08-13 09:28:51
Epic X Skeleton,Sky Blue II,EX110.20.AA.AH.A,26400.0,USD,PRICE AVAILABLE,https://www.datocms-assets.com/99008/1778615443-epic-x-ex110-20-ac-ah-abrua.webp,209477004,MTNcXqbVTOyhHlEldGzKtg,NO,https://jacobandco.com/timepiece-prices,2026-08-13 09:28:51
Epic X Skeleton,White,EX113.20.AE.AA.A,26400.0,USD,PRICE AVAILABLE,https://www.datocms-assets.com/99008/1784646003-epix-x_v1-crown-update-hite-1.webp,209477004,211871728,NO,https://jacobandco.com/timepiece-prices,2026-08-13 09:28:51
Epic X Skeleton,Yellow,EX110.20.AA.AQ.A,26400.0,USD,PRICE AVAILABLE,https://www.datocms-assets.com/99008/1697560827-ex110-20-aa-ad-abrua.webp,209477004,211871696,NO,https://jacobandco.com/timepiece-prices,2026-08-13 09:28:51
Godfather Minute Repeater,Godfather Minute Repeater,OP500.40.AA.AA.A,682000.0,USD,PRICE AVAILABLE,https://www.datocms-assets.com/99008/1697469619-op500-40-aa-aa-a.webp,204491911,209468218,NO,https://jacobandco.com/timepiece-prices,2026-08-13 09:28:51
Godfather Minute Repeater,Rose Gold,OP500.21.AA.AA.A,649000.0,USD,PRICE AVAILABLE,https://www.datocms-assets.com/99008/1750103037-op500-40-aa-aa-a.webp,204491911,LYwyCaDSSqGTVFuNMAPokw,NO,https://jacobandco.com/timepiece-prices,2026-08-13 09:28:51
Godfather Minute Repeater,Titanium,OP500.20.AA.AA.A,649000.0,USD,PRICE AVAILABLE,https://www.datocms-assets.com/99008/1750103924-op500-40-aa-aa-a.webp,204491911,A_gPzCJ8T7-wdroDOjDAhA,NO,https://jacobandco.com/timepiece-prices,2026-08-13 09:28:51
Godfather Pen,50th Anniversary Fountain Pen,,17000.0,USD,PRICE AVAILABLE,https://www.datocms-assets.com/99008/1747330483-pen-god50-f-01.webp,DswMUx9jShioxx51BceNXA,PW54gF-bTQ2d0NNXUNr8Wg,NO,https://jacobandco.com/timepiece-prices,2026-08-13 09:28:51
Godfather Pen,Black Fountain Pen,,12000.0,USD,PRICE AVAILABLE,https://www.datocms-assets.com/99008/1711635730-godfather_pen_red.webp,DswMUx9jShioxx51BceNXA,EgYM_XRDTPmwi9P0fbqCYg,NO,https://jacobandco.com/timepiece-prices,2026-08-13 09:28:51
Godfather Pen,Black Fountain Pen,,11000.0,USD,PRICE AVAILABLE,https://www.datocms-assets.com/99008/1711635495-godfather_pen_black.webp,DswMUx9jShioxx51BceNXA,WS0UA1l8Qgiq9BmeK0GcHA,NO,https://jacobandco.com/timepiece-prices,2026-08-13 09:28:51
Godfather Pen,Green Fountain Pen,,12000.0,USD,PRICE AVAILABLE,https://www.datocms-assets.com/99008/1710194314-green-fountain-pen.webp,DswMUx9jShioxx51BceNXA,POfwiK_fT5Oc-KW7HhHWGg,NO,https://jacobandco.com/timepiece-prices,2026-08-13 09:28:51
Godfather Pen,Green Rollerball Pen,,11000.0,USD,PRICE AVAILABLE,https://www.datocms-assets.com/99008/1710194721-green-rollerball-pen.webp,DswMUx9jShioxx51BceNXA,H8Y8xxdLQzKVTrm1lLpyZQ,NO,https://jacobandco.com/timepiece-prices,2026-08-13 09:28:51
Jean Bugatti,Rose Gold,BU100.40.AA.AA.A,360000.0,USD,PRICE AVAILABLE,https://www.datocms-assets.com/99008/1709242476-bu100-40-aa-aa-a.webp,204498452,204498451,NO,https://jacobandco.com/timepiece-prices,2026-08-13 09:28:51
Jean Bugatti,White Gold,BU100.30.AA.AB.ABALA,360000.0,USD,PRICE AVAILABLE,https://www.datocms-assets.com/99008/1712081996-bu100-30-aa-ab-a.webp,204498452,PGCjJ8ZkT_WBvJ48MqmhvA,NO,https://jacobandco.com/timepiece-prices,2026-08-13 09:28:51
Jean Bugatti,"White Gold, Blue Dial",BU100.30.AA.AA.B,360000.0,USD,PRICE AVAILABLE,https://www.datocms-assets.com/99008/1777385679-jean-bugatti-wg-bleu-satine-v4.webp,204498452,bqn2KH_KSaygqgryd3hEYA,NO,https://jacobandco.com/timepiece-prices,2026-08-13 09:28:51
Opera Godfather,Black DLC Grade 5 Titanium,OP110.21.AG.AB.A,400400.0,USD,PRICE AVAILABLE,https://www.datocms-assets.com/99008/1702061062-op110-21-ag-ab-a.webp,204491916,AXeGW0PuRgGdKgpSY8zDnQ,NO,https://jacobandco.com/timepiece-prices,2026-08-13 09:28:51
Opera Godfather,Rose Gold,OP110.40.AG.AA.A,460000.0,USD,PRICE AVAILABLE,https://www.datocms-assets.com/99008/1763054051-godfather-rg-red-rose-piano-1.webp,204491916,204497322,NO,https://jacobandco.com/timepiece-prices,2026-08-13 09:28:51
Opera Godfather,Rose Gold Diamond Barrels,OP110.40.AG.AF.A,500000.0,USD,PRICE AVAILABLE,https://www.datocms-assets.com/99008/1704908011-op110-40-ag-ad-abala.webp,204491916,206691498,NO,https://jacobandco.com/timepiece-prices,2026-08-13 09:28:51
Opera Godfather 50th Anniversary,White Gold,OP110.30.AB.AB.A,640000.0,USD,PRICE AVAILABLE,https://www.datocms-assets.com/99008/1697469565-op110-30-ab-ab-a.webp,204491913,205179146,NO,https://jacobandco.com/timepiece-prices,2026-08-13 09:28:51
Opera Godfather Baguette,Rose Gold Baguette,OP820.40.AA.AA.A,1200000.0,USD,PRICE AVAILABLE,https://www.datocms-assets.com/99008/1758822383-opera-baguette-2022-1.webp,204218505,KNoGJiDlRhmDIuTuvocOnQ,NO,https://jacobandco.com/timepiece-prices,2026-08-13 09:28:51
Opera Godfather Baguette,Rose Gold Baguette with Red Sapphires,OP820.40.AC.UA.A,2400000.0,USD,PRICE AVAILABLE,https://www.datocms-assets.com/99008/1785789907-opera_godfather_op820-40-ac-ua-abala_beauty.webp,204218505,DPBfYmDcRyqiEA5tpItjmg,NO,https://jacobandco.com/timepiece-prices,2026-08-13 09:28:51
Opera Godfather Baguette,White Gold Baguette,OP820.30.AA.AA.A,1200000.0,USD,PRICE AVAILABLE,https://www.datocms-assets.com/99008/1777477627-opera_godfather_wg_bgt_op820-30-aa-aa-a_beauty.webp,204218505,XAqO4ChIQCyXtqTTOnGBjQ,NO,https://jacobandco.com/timepiece-prices,2026-08-13 09:28:51
Twin Turbo Furious Bugatti 300+,Twin Turbo Furious Bugatti 300+,TT210.29.AB.AB.A,638000.0,USD,PRICE AVAILABLE,https://www.datocms-assets.com/99008/1701286680-tt210-29-ab-ab-a.webp,BkQ8i1TTTKqRUJLwoF0z7A,IXvXPkdaTcG7IK4a-7eL4w,NO,https://jacobandco.com/timepiece-prices,2026-08-13 09:28:51
